{
  "sum_commission": 810.87,
  "sum_dividends": 87598.55999999997,
  "avg_bars": 14.413793103448276
}