{
  "sum_commission": 20277.780000000013,
  "sum_dividends": 30141.329999999998,
  "avg_bars": 9.240103270223752
}