{
  "sum_commission": 0.0,
  "sum_dividends": 34363.26999999998,
  "avg_bars": 9.236864406779661
}