{
  "sum_commission": 46924.05999999998,
  "sum_dividends": 0.0,
  "avg_bars": 2.8015873015873014
}