{
  "sum_commission": 0.0,
  "sum_dividends": 219944.31999999992,
  "avg_bars": 109.26382488479263
}