{
  "sum_commission": 101563.76999999997,
  "sum_dividends": 88803.0,
  "avg_bars": 5.035833731485905
}