{
  "sum_commission": 0.0,
  "sum_dividends": 173626.62000000002,
  "avg_bars": 68.6481223922114
}