{
  "sum_commission": 30289.81000000006,
  "sum_dividends": 23104.19999999999,
  "avg_bars": 3.650963597430407
}