{
  "sum_commission": 0.0,
  "sum_dividends": 23052.910000000003,
  "avg_bars": 3.666313184870979
}