{
  "sum_commission": 147790.8299999998,
  "sum_dividends": 269100.9800000001,
  "avg_bars": 6.320155735250075
}