{
  "sum_commission": 0.0,
  "sum_dividends": 29569.050000000003,
  "avg_bars": 7.397736459175424
}