{
  "sum_commission": 294076.12000000005,
  "sum_dividends": -100087.26999999999,
  "avg_bars": 2.011184661036293
}