{
  "sum_commission": 0.0,
  "sum_dividends": -98743.68999999999,
  "avg_bars": 2.015748031496063
}