{
  "sum_commission": 30860.560000000023,
  "sum_dividends": 29437.050000000003,
  "avg_bars": 7.3930921052631575
}