{
  "sum_commission": 86925.88999999998,
  "sum_dividends": 116427.41,
  "avg_bars": 5.904287138584247
}