{
  "sum_commission": 0.0,
  "sum_dividends": 166069.75000000006,
  "avg_bars": 2.924535679374389
}