{
  "sum_commission": 139907.32000000024,
  "sum_dividends": 164750.91000000003,
  "avg_bars": 2.926292847235982
}